[
    {
        "ID_USUARIO": 11,
        "CPF": "48372601879",
        "NM_USUARIO": "Bianca",
        "EMAIL": "bianca.gamo@gmail.com",
        "DT_NASC": "2003-04-16",
        "SENHA_LOGIN": "gaby2408",
        "TELEFONE_USUARIO": "11958011176",
        "ENDERECO_USUARIO": "Rua Edgar 142"
    },
    {
        "ID_USUARIO": 31,
        "CPF": "4985951839 ",
        "NM_USUARIO": "Gabrielly",
        "EMAIL": "gabrielly.cmacedo@gmail.com",
        "DT_NASC": "2004-03-23",
        "SENHA_LOGIN": "gaby5893",
        "TELEFONE_USUARIO": "11989968607",
        "ENDERECO_USUARIO": "Rua Alecrim, 292 - Riviera Paulista"
    }
]