[
    {
        "id": "bdbdba82f3a7d7df",
        "type": "tab",
        "label": "Challenge",
        "disabled": false,
        "info": "",
        "env": []
    },
    {
        "id": "882cf2b273662697",
        "type": "debug",
        "z": "bdbdba82f3a7d7df",
        "name": "Debug Telegram Receiver",
        "active": true,
        "tosidebar": true,
        "console": false,
        "tostatus": false,
        "complete": "payload",
        "targetType": "msg",
        "statusVal": "",
        "statusType": "auto",
        "x": 330,
        "y": 160,
        "wires": []
    },
    {
        "id": "d7928759c70624ae",
        "type": "telegram sender",
        "z": "bdbdba82f3a7d7df",
        "name": "",
        "bot": "20b8caed2de4905e",
        "haserroroutput": false,
        "outputs": 1,
        "x": 1330,
        "y": 300,
        "wires": [
            []
        ]
    },
    {
        "id": "7a09a984e5afc3e8",
        "type": "switch",
        "z": "bdbdba82f3a7d7df",
        "name": "",
        "property": "payload.type",
        "propertyType": "msg",
        "rules": [
            {
                "t": "eq",
                "v": "message",
                "vt": "str"
            },
            {
                "t": "eq",
                "v": "voice",
                "vt": "str"
            }
        ],
        "checkall": "true",
        "repair": false,
        "outputs": 2,
        "x": 390,
        "y": 360,
        "wires": [
            [
                "2bf1045b59c97cb8"
            ],
            [
                "a3d60d76e70d9ecc"
            ]
        ]
    },
    {
        "id": "1e57feb2054874d1",
        "type": "debug",
        "z": "bdbdba82f3a7d7df",
        "name": "Debug Saída Watson",
        "active": true,
        "tosidebar": true,
        "console": false,
        "tostatus": false,
        "complete": "payload",
        "targetType": "msg",
        "statusVal": "",
        "statusType": "auto",
        "x": 960,
        "y": 200,
        "wires": []
    },
    {
        "id": "b59231f9b39e2227",
        "type": "telegram receiver",
        "z": "bdbdba82f3a7d7df",
        "name": "",
        "bot": "20b8caed2de4905e",
        "saveDataDir": "",
        "filterCommands": false,
        "x": 170,
        "y": 380,
        "wires": [
            [
                "7a09a984e5afc3e8",
                "882cf2b273662697"
            ],
            []
        ]
    },
    {
        "id": "3ea896bc9d5cb824",
        "type": "debug",
        "z": "bdbdba82f3a7d7df",
        "name": "Debug ProcIN",
        "active": true,
        "tosidebar": true,
        "console": false,
        "tostatus": false,
        "complete": "payload",
        "targetType": "msg",
        "statusVal": "",
        "statusType": "auto",
        "x": 700,
        "y": 200,
        "wires": []
    },
    {
        "id": "5e16c32b67eebf2c",
        "type": "debug",
        "z": "bdbdba82f3a7d7df",
        "name": "Debug Proc Out",
        "active": true,
        "tosidebar": true,
        "console": false,
        "tostatus": false,
        "complete": "true",
        "targetType": "full",
        "statusVal": "",
        "statusType": "auto",
        "x": 1200,
        "y": 200,
        "wires": []
    },
    {
        "id": "67a0c3b232308ce5",
        "type": "function",
        "z": "bdbdba82f3a7d7df",
        "name": "ProcOut",
        "func": "msg.payload = msg.payload.output.generic[0].text;\n\nreturn msg;",
        "outputs": 1,
        "timeout": 0,
        "noerr": 0,
        "initialize": "",
        "finalize": "",
        "libs": [],
        "x": 940,
        "y": 300,
        "wires": [
            [
                "5e16c32b67eebf2c",
                "8759821dcc66eb9e"
            ]
        ]
    },
    {
        "id": "8759821dcc66eb9e",
        "type": "function",
        "z": "bdbdba82f3a7d7df",
        "name": "function 15",
        "func": "msg.payload = {\n    chatId : msg.params.session_id,\n    type : \"message\",\n    content : msg.payload\n};\nreturn msg;",
        "outputs": 1,
        "timeout": 0,
        "noerr": 0,
        "initialize": "",
        "finalize": "",
        "libs": [],
        "x": 1130,
        "y": 300,
        "wires": [
            [
                "d7928759c70624ae"
            ]
        ]
    },
    {
        "id": "2bf1045b59c97cb8",
        "type": "function",
        "z": "bdbdba82f3a7d7df",
        "name": "ProcIn",
        "func": "msg.params = {}\nmsg.params.session_id = msg.payload.chatId\nmsg.payload = msg.payload.content\nreturn msg;",
        "outputs": 1,
        "timeout": 0,
        "noerr": 0,
        "initialize": "",
        "finalize": "",
        "libs": [],
        "x": 550,
        "y": 300,
        "wires": [
            [
                "3ea896bc9d5cb824",
                "1f0311242430e9ae"
            ]
        ]
    },
    {
        "id": "a3d60d76e70d9ecc",
        "type": "function",
        "z": "bdbdba82f3a7d7df",
        "name": "ProcIn",
        "func": "msg.params = {}\nmsg.params.session_id = msg.payload.chatId;\nmsg.payload = msg.payload.weblink;\nreturn msg;",
        "outputs": 1,
        "timeout": 0,
        "noerr": 0,
        "initialize": "",
        "finalize": "",
        "libs": [],
        "x": 510,
        "y": 460,
        "wires": [
            [
                "1003f94bc0f94d18",
                "8db174804ab36528",
                "ef0f091869f8969f"
            ]
        ]
    },
    {
        "id": "1003f94bc0f94d18",
        "type": "watson-speech-to-text",
        "z": "bdbdba82f3a7d7df",
        "name": "",
        "alternatives": 1,
        "speakerlabels": false,
        "smartformatting": false,
        "lang": "pt-BR",
        "langhidden": "pt-BR",
        "langcustom": "NoCustomisationSetting",
        "langcustomhidden": "",
        "custom-weight": "0.5",
        "band": "BroadbandModel",
        "bandhidden": "",
        "keywords": "",
        "keywords-threshold": "0.5",
        "word-confidence": false,
        "password": "",
        "apikey": "ejQUK6yiCzM8x4smda8ZELk2PiQh60eZ8Jj6nBoykYtm",
        "payload-response": true,
        "streaming-mode": false,
        "streaming-mute": true,
        "auto-connect": false,
        "discard-listening": false,
        "disable-precheck": false,
        "service-endpoint": "https://api.au-syd.speech-to-text.watson.cloud.ibm.com/instances/133ef60b-df38-4c86-a65d-d29c256e428e",
        "x": 680,
        "y": 460,
        "wires": [
            [
                "42639c1e1ab7fa16",
                "ab385e3d70c43b68",
                "c4864a83eea5167f"
            ]
        ]
    },
    {
        "id": "42639c1e1ab7fa16",
        "type": "debug",
        "z": "bdbdba82f3a7d7df",
        "name": "DEBUG STT",
        "active": true,
        "tosidebar": true,
        "console": false,
        "tostatus": false,
        "complete": "payload",
        "targetType": "msg",
        "statusVal": "",
        "statusType": "auto",
        "x": 930,
        "y": 360,
        "wires": []
    },
    {
        "id": "8db174804ab36528",
        "type": "debug",
        "z": "bdbdba82f3a7d7df",
        "name": "Debug ProcIn STT",
        "active": true,
        "tosidebar": true,
        "console": false,
        "tostatus": false,
        "complete": "payload",
        "targetType": "msg",
        "statusVal": "",
        "statusType": "auto",
        "x": 710,
        "y": 360,
        "wires": []
    },
    {
        "id": "70826bab44d002de",
        "type": "function",
        "z": "bdbdba82f3a7d7df",
        "name": "ProcIN TELEGRAM",
        "func": "msg.payload = {\n    chatId: msg.params.session_id,\n    content: msg.payload,\n    type: 'voice'\n};\nreturn msg;\n",
        "outputs": 1,
        "timeout": 0,
        "noerr": 0,
        "initialize": "",
        "finalize": "",
        "libs": [],
        "x": 1330,
        "y": 380,
        "wires": [
            [
                "cf4f777762ea2aa9",
                "139f63ffcb09d85c"
            ]
        ]
    },
    {
        "id": "cf4f777762ea2aa9",
        "type": "telegram sender",
        "z": "bdbdba82f3a7d7df",
        "name": "",
        "bot": "20b8caed2de4905e",
        "haserroroutput": false,
        "outputs": 1,
        "x": 1550,
        "y": 380,
        "wires": [
            [
                "145bf801c23af358"
            ]
        ]
    },
    {
        "id": "6a4a2bcb93802c10",
        "type": "debug",
        "z": "bdbdba82f3a7d7df",
        "name": "DEBUG SAIDA WATSON VIA STT",
        "active": true,
        "tosidebar": true,
        "console": false,
        "tostatus": false,
        "complete": "true",
        "targetType": "full",
        "statusVal": "",
        "statusType": "auto",
        "x": 1120,
        "y": 520,
        "wires": []
    },
    {
        "id": "139f63ffcb09d85c",
        "type": "debug",
        "z": "bdbdba82f3a7d7df",
        "name": "debug 13",
        "active": true,
        "tosidebar": true,
        "console": false,
        "tostatus": false,
        "complete": "true",
        "targetType": "full",
        "statusVal": "",
        "statusType": "auto",
        "x": 1400,
        "y": 560,
        "wires": []
    },
    {
        "id": "145bf801c23af358",
        "type": "debug",
        "z": "bdbdba82f3a7d7df",
        "name": "debug 14",
        "active": true,
        "tosidebar": true,
        "console": false,
        "tostatus": false,
        "complete": "true",
        "targetType": "full",
        "statusVal": "",
        "statusType": "auto",
        "x": 1640,
        "y": 440,
        "wires": []
    },
    {
        "id": "1f0311242430e9ae",
        "type": "watson-assistant-v2",
        "z": "bdbdba82f3a7d7df",
        "name": "",
        "service-endpoint": "https://api.au-syd.assistant.watson.cloud.ibm.com/instances/125b9053-fe7c-4e87-bf89-fc5c0ce12065",
        "assistant_id": "4dcae380-1ce4-493c-abae-e0d4d3898c13",
        "debug": false,
        "restart": false,
        "return_context": true,
        "alternate_intents": false,
        "multisession": true,
        "timeout": "",
        "optout-learning": false,
        "persist-session-id": false,
        "x": 730,
        "y": 300,
        "wires": [
            [
                "67a0c3b232308ce5",
                "1e57feb2054874d1"
            ]
        ]
    },
    {
        "id": "ab385e3d70c43b68",
        "type": "watson-assistant-v2",
        "z": "bdbdba82f3a7d7df",
        "name": "",
        "service-endpoint": "https://api.au-syd.assistant.watson.cloud.ibm.com/instances/125b9053-fe7c-4e87-bf89-fc5c0ce12065",
        "assistant_id": "4dcae380-1ce4-493c-abae-e0d4d3898c13",
        "debug": false,
        "restart": false,
        "return_context": true,
        "alternate_intents": false,
        "multisession": true,
        "timeout": "",
        "optout-learning": false,
        "persist-session-id": false,
        "x": 870,
        "y": 460,
        "wires": [
            [
                "6a4a2bcb93802c10",
                "535de4f8368d1946"
            ]
        ]
    },
    {
        "id": "535de4f8368d1946",
        "type": "function",
        "z": "bdbdba82f3a7d7df",
        "name": "PROCOUT WA",
        "func": "msg.payload = msg.payload.output.generic[0].text;\nreturn msg;",
        "outputs": 1,
        "timeout": 0,
        "noerr": 0,
        "initialize": "",
        "finalize": "",
        "libs": [],
        "x": 1060,
        "y": 460,
        "wires": [
            [
                "44e64ac0d4330ac7",
                "cdb3ecd1fbdf96e6"
            ]
        ]
    },
    {
        "id": "44e64ac0d4330ac7",
        "type": "watson-text-to-speech",
        "z": "bdbdba82f3a7d7df",
        "name": "",
        "lang": "pt-BR",
        "langhidden": "pt-BR",
        "langcustom": "NoCustomisationSetting",
        "langcustomhidden": "",
        "voice": "pt-BR_IsabelaVoice",
        "voicehidden": "",
        "format": "audio/wav",
        "password": "",
        "apikey": "szg8D3diEegCu76q8lazg6cvscFXW4wL4FQXy8gJWmz8",
        "payload-response": true,
        "service-endpoint": "https://api.au-syd.text-to-speech.watson.cloud.ibm.com/instances/ad9bc6ff-576b-44c4-97de-a5b02fb315d2",
        "x": 1120,
        "y": 400,
        "wires": [
            [
                "70826bab44d002de",
                "100b1a54957dfb39"
            ]
        ]
    },
    {
        "id": "100b1a54957dfb39",
        "type": "debug",
        "z": "bdbdba82f3a7d7df",
        "name": "SAIDA TTS",
        "active": true,
        "tosidebar": true,
        "console": false,
        "tostatus": false,
        "complete": "true",
        "targetType": "full",
        "statusVal": "",
        "statusType": "auto",
        "x": 1210,
        "y": 600,
        "wires": []
    },
    {
        "id": "cdb3ecd1fbdf96e6",
        "type": "debug",
        "z": "bdbdba82f3a7d7df",
        "name": "SAIDA PROCIN TTS",
        "active": true,
        "tosidebar": true,
        "console": false,
        "tostatus": false,
        "complete": "true",
        "targetType": "full",
        "statusVal": "",
        "statusType": "auto",
        "x": 1040,
        "y": 580,
        "wires": []
    },
    {
        "id": "ef0f091869f8969f",
        "type": "debug",
        "z": "bdbdba82f3a7d7df",
        "name": "debug 15",
        "active": true,
        "tosidebar": true,
        "console": false,
        "tostatus": false,
        "complete": "true",
        "targetType": "full",
        "statusVal": "",
        "statusType": "auto",
        "x": 660,
        "y": 560,
        "wires": []
    },
    {
        "id": "c4864a83eea5167f",
        "type": "debug",
        "z": "bdbdba82f3a7d7df",
        "name": "debug 16",
        "active": true,
        "tosidebar": true,
        "console": false,
        "tostatus": false,
        "complete": "true",
        "targetType": "full",
        "statusVal": "",
        "statusType": "auto",
        "x": 880,
        "y": 640,
        "wires": []
    },
    {
        "id": "20b8caed2de4905e",
        "type": "telegram bot",
        "botname": "MecanicaAgil",
        "usernames": "",
        "chatids": "",
        "baseapiurl": "",
        "updatemode": "polling",
        "pollinterval": "300",
        "usesocks": false,
        "sockshost": "",
        "socksprotocol": "socks5",
        "socksport": "6667",
        "socksusername": "anonymous",
        "sockspassword": "",
        "bothost": "",
        "botpath": "",
        "localbotport": "8443",
        "publicbotport": "8443",
        "privatekey": "",
        "certificate": "",
        "useselfsignedcertificate": false,
        "sslterminated": false,
        "verboselogging": false
    }
]